model_a,family_a,model_b,family_b,score,bcs,common_probe_count,char_length_match_rate,byte_length_match_rate,token_type_match_rate,prefix_match_rate,empty_match_rate
Meta-Llama-3-8B-Local,llama,Meta-Llama-3.1-8B-Local,llama,0.832502,0.832502,500000,0.847116,0.843922,0.911144,0.975978,0.963396
Qwen3.5-9B-Local,qwen,Qwen3.5-9B-Base-Local,qwen,0.717328,0.717328,500000,0.728132,0.723296,0.97494,0.999936,0.998564
Qwen2.5-7B-Local,qwen,Qwen3-8B-Base-Local,qwen,0.667976,0.667976,500000,0.698928,0.691748,0.844094,0.948616,0.961704
Qwen3-8B-Base-Local,qwen,Meta-Llama-3.1-8B-Local,llama,0.584402,0.584402,500000,0.618084,0.609872,0.80765,0.946764,0.930294
Qwen3-8B-Base-Local,qwen,Meta-Llama-3-8B-Local,llama,0.580022,0.580022,500000,0.61259,0.604332,0.805458,0.949078,0.925078
Qwen2.5-7B-Local,qwen,Meta-Llama-3.1-8B-Local,llama,0.575258,0.575258,500000,0.611252,0.602956,0.802234,0.94284,0.933534
Meta-Llama-3-8B-Instruct-Local,llama,Meta-Llama-3.1-8B-Instruct-Local,llama,0.574846,0.574846,500000,0.58476,0.583638,0.962874,0.998036,0.99302
Qwen2.5-7B-Local,qwen,Meta-Llama-3-8B-Local,llama,0.570634,0.570634,500000,0.60583,0.597,0.799678,0.944646,0.92765
Qwen3-8B-Local,qwen,Qwen3.5-9B-Local,qwen,0.532546,0.532546,500000,0.554158,0.548394,0.929824,0.98179,0.997852
Qwen2.5-7B-Instruct-Local,qwen,Qwen3-8B-Local,qwen,0.526348,0.526348,500000,0.548404,0.542258,0.91849,0.976122,0.998516
Qwen3-8B-Local,qwen,Meta-Llama-3.1-8B-Instruct-Local,llama,0.525398,0.525398,500000,0.548652,0.54376,0.923426,0.98114,0.99315
Qwen3-8B-Local,qwen,Qwen3.5-9B-Base-Local,qwen,0.52247,0.52247,500000,0.546952,0.538626,0.923166,0.981854,0.997516
Qwen3.5-9B-Base-Local,qwen,Meta-Llama-3.1-8B-Instruct-Local,llama,0.520016,0.520016,500000,0.53385,0.527224,0.962126,0.998954,0.992806
Qwen3.5-9B-Local,qwen,Meta-Llama-3.1-8B-Instruct-Local,llama,0.517436,0.517436,500000,0.530396,0.525906,0.964706,0.99889,0.992998
Qwen2.5-7B-Instruct-Local,qwen,Qwen3.5-9B-Local,qwen,0.514,0.514,500000,0.529006,0.523768,0.954642,0.993552,0.998012
Qwen2.5-7B-Instruct-Local,qwen,Meta-Llama-3.1-8B-Instruct-Local,llama,0.512658,0.512658,500000,0.52722,0.522544,0.949788,0.992698,0.99325
Qwen2.5-7B-Instruct-Local,qwen,Qwen3.5-9B-Base-Local,qwen,0.508284,0.508284,500000,0.524668,0.518208,0.950828,0.993616,0.997744
Qwen2.5-7B-Instruct-Local,qwen,Meta-Llama-3-8B-Instruct-Local,llama,0.442822,0.442822,500000,0.458702,0.455526,0.941684,0.992342,0.99363
Qwen3.5-9B-Base-Local,qwen,Meta-Llama-3-8B-Instruct-Local,llama,0.424358,0.424358,500000,0.439014,0.434204,0.95392,0.998586,0.993178
Qwen3-8B-Local,qwen,Meta-Llama-3-8B-Instruct-Local,llama,0.423156,0.423156,500000,0.44684,0.444082,0.91344,0.98076,0.993426
Qwen3.5-9B-Local,qwen,Meta-Llama-3-8B-Instruct-Local,llama,0.419428,0.419428,500000,0.433734,0.430682,0.955448,0.998522,0.993298
Qwen3-1.7B-Local,qwen,Qwen3.5-9B-Base-Local,qwen,0.375648,0.375648,500000,0.411026,0.394444,0.920212,0.999494,0.99725
Qwen3-8B-Local,qwen,Qwen3-8B-Base-Local,qwen,0.36326,0.36326,500000,0.412168,0.40177,0.777852,0.93802,0.964066
Qwen2.5-7B-Local,qwen,Qwen3-8B-Local,qwen,0.361782,0.361782,500000,0.413646,0.401854,0.780516,0.931632,0.979162
Qwen2.5-7B-Local,qwen,Qwen2.5-7B-Instruct-Local,qwen,0.35516,0.35516,500000,0.405148,0.395188,0.780844,0.934358,0.979234
Meta-Llama-3-8B-Local,llama,Meta-Llama-3.1-8B-Instruct-Local,llama,0.354516,0.354516,500000,0.401022,0.39127,0.759028,0.949966,0.929198
Meta-Llama-3.1-8B-Local,llama,Meta-Llama-3.1-8B-Instruct-Local,llama,0.354382,0.354382,500000,0.403422,0.393382,0.757436,0.944748,0.935958
Qwen2.5-7B-Local,qwen,Qwen3.5-9B-Local,qwen,0.34552,0.34552,500000,0.391818,0.38237,0.791872,0.940134,0.978494
Qwen2.5-7B-Instruct-Local,qwen,Qwen3-8B-Base-Local,qwen,0.344694,0.344694,500000,0.393498,0.38493,0.773904,0.939802,0.963922
Qwen3-8B-Base-Local,qwen,Qwen3.5-9B-Local,qwen,0.340982,0.340982,500000,0.384204,0.375974,0.786014,0.945554,0.963318
Qwen3-8B-Local,qwen,Meta-Llama-3.1-8B-Local,llama,0.340196,0.340196,500000,0.387592,0.37749,0.745134,0.9369,0.935852
Qwen3-8B-Local,qwen,Meta-Llama-3-8B-Local,llama,0.33985,0.33985,500000,0.38528,0.375,0.746362,0.941806,0.929084
Qwen2.5-7B-Local,qwen,Qwen3.5-9B-Base-Local,qwen,0.334426,0.334426,500000,0.38422,0.372834,0.78589,0.940198,0.978178
Qwen2.5-7B-Local,qwen,Meta-Llama-3.1-8B-Instruct-Local,llama,0.33368,0.33368,500000,0.388934,0.37662,0.78542,0.939188,0.973852
Qwen3-1.7B-Local,qwen,Meta-Llama-3-8B-Instruct-Local,llama,0.332732,0.332732,500000,0.37284,0.356968,0.902756,0.998096,0.993016
Qwen3-8B-Base-Local,qwen,Meta-Llama-3.1-8B-Instruct-Local,llama,0.329758,0.329758,500000,0.38288,0.372928,0.780144,0.944596,0.958696
Qwen3-8B-Base-Local,qwen,Qwen3.5-9B-Base-Local,qwen,0.329338,0.329338,500000,0.376116,0.365808,0.78016,0.945614,0.962978
Qwen3.5-9B-Local,qwen,Meta-Llama-3-8B-Local,llama,0.328534,0.328534,500000,0.368144,0.360036,0.75916,0.950932,0.929152
Qwen3.5-9B-Local,qwen,Meta-Llama-3.1-8B-Local,llama,0.32826,0.32826,500000,0.369958,0.36161,0.757594,0.94571,0.935868
Qwen3-1.7B-Local,qwen,Meta-Llama-3.1-8B-Instruct-Local,llama,0.32811,0.32811,500000,0.37107,0.350536,0.907554,0.998448,0.992596
Qwen2.5-7B-Instruct-Local,qwen,Meta-Llama-3-8B-Local,llama,0.325624,0.325624,500000,0.370048,0.361726,0.746604,0.945132,0.929124
Qwen2.5-7B-Instruct-Local,qwen,Meta-Llama-3.1-8B-Local,llama,0.325414,0.325414,500000,0.371734,0.36384,0.745344,0.939962,0.935872
Qwen3-1.7B-Local,qwen,Qwen3.5-9B-Local,qwen,0.319308,0.319308,500000,0.357966,0.340212,0.911816,0.99943,0.997338
Qwen3.5-9B-Base-Local,qwen,Meta-Llama-3.1-8B-Local,llama,0.318978,0.318978,500000,0.365022,0.35424,0.751798,0.945774,0.935544
Qwen3.5-9B-Base-Local,qwen,Meta-Llama-3-8B-Local,llama,0.318708,0.318708,500000,0.362252,0.352042,0.753582,0.950992,0.928828
Qwen3-1.7B-Local,qwen,Qwen3-8B-Local,qwen,0.313256,0.313256,500000,0.366772,0.342666,0.871136,0.981384,0.997614
Qwen2.5-7B-Instruct-Local,qwen,Qwen3-1.7B-Local,qwen,0.312912,0.312912,500000,0.35397,0.335862,0.898012,0.993126,0.997894
Meta-Llama-3-8B-Local,llama,Meta-Llama-3-8B-Instruct-Local,llama,0.310348,0.310348,500000,0.36173,0.354108,0.747516,0.949614,0.928042
Meta-Llama-3-8B-Instruct-Local,llama,Meta-Llama-3.1-8B-Local,llama,0.30935,0.30935,500000,0.363426,0.355722,0.745732,0.9444,0.934462
Qwen2.5-7B-Local,qwen,Meta-Llama-3-8B-Instruct-Local,llama,0.298958,0.298958,500000,0.357166,0.347,0.77578,0.938816,0.974108
Qwen3-8B-Base-Local,qwen,Meta-Llama-3-8B-Instruct-Local,llama,0.29696,0.29696,500000,0.353604,0.34598,0.770002,0.944236,0.958988
Qwen2.5-7B-Local,qwen,Qwen3-1.7B-Local,qwen,0.251856,0.251856,500000,0.3298,0.306362,0.739912,0.939724,0.978104
Qwen3-1.7B-Local,qwen,Qwen3-8B-Base-Local,qwen,0.25087,0.25087,500000,0.326606,0.30367,0.734172,0.945132,0.962912
Qwen3-1.7B-Local,qwen,Meta-Llama-3-8B-Local,llama,0.246866,0.246866,500000,0.320618,0.29746,0.709276,0.95051,0.928314
Qwen3-1.7B-Local,qwen,Meta-Llama-3.1-8B-Local,llama,0.246266,0.246266,500000,0.323252,0.299384,0.707706,0.945288,0.93501
